Complete Availability,,,,,,,,,,
"WEEK OF SEPTEMBER 14, 2026",,,,,,,,,,
QTY,Plant Name,Size,Price 1,Price 2,Avail,Next Date,Ratings,,,
,Achillea 'Coronation Gold',#1,6.29,7.38,783,,Retail Foliage,,,
,Achillea 'Moonshine',#1,6.29,7.38,168,,Small Looks Good,,,
,Achillea Tutti Frutti™ 'Pomegranate',#1,6.29,7.38,439,,Retail Foliage,,,
,Achillea m. 'Little Moonshine',#1,6.29,7.38,88,,Retail Foliage,,,
,Achillea m. 'Pretty Belinda',#1,6.29,7.38,124,,Retail Foliage,,,
,Achillea m. 'Sassy Summer Sunset',#1,6.29,7.38,607,,Retail Foliage,,,
,Achillea m. 'Strawberry Seduction',#1,6.29,7.38,41,,Cut Back,,,
,Achillea Tutti Frutti™ 'Apricot Delight',#1,6.29,7.38,289,,Retail Foliage,,,
X,Achillea millefolium LE,#1,7.59,9.00,0,Sep 28,,,,
,Achillea millefolium LE,TRAY 50,77.50,77.50,47,,Ready,,,
,Aconitum c. 'Arendsii',#1,7.59,9.00,127,,Leafing Out,,,
,Aconitum napellus,#1,7.59,9.00,166,,Leafing Out,,,
,Actaea 'Chocoholic',TRGA,10.50,12.53,146,,Fair Foliage,,,
,Actaea simplex 'James Compton',TRGA,11.65,13.83,800,,Small Looks Good,,,
,Actaea simplex 'Brunette',TRGA,10.50,12.53,205,,Small Looks Good,,,
,Actaea simplex 'Hillside Black Beauty',TRGA,10.50,12.53,97,,Small Looks Good,,,
,Actaea 'Queen of Sheba',TRGA,11.65,13.83,466,,Budded,,,
,Actaea japonica 'Cheju-do ',#1,8.68,10.30,161,,Bud & Bloom,,,
,Agastache 'Blue Boa',TRGA,8.32,9.93,235,Sep 28,Cut Back,,,
X,Agastache 'Blue Fortune',TRGA,7.28,8.68,0,Sep 21,,,,
,Agastache rugosa 'Little Adder',#1,6.29,7.38,157,,Cut Back,,,
,Agastache 'Rosie Posie',#1,6.29,7.38,205,,Cut Back,,,
,Agastache foeniculum,#1,6.29,7.38,562,,Cut Back,,,
,Ageratina altissima LE,#1,7.59,9.00,173,Sep 28,Leafing Out,,,
,Ageratina altissima LE,TRAY 50,85.00,85.00,41,,Ready,,,
,Ajuga tenorii 'Princess Nadia',1QT,4.11,4.84,12,,Retail Foliage,,,
,Alcea rosea 'Blacknight',#1,7.59,9.00,67,,Cut Back,,,
,Alcea ficifolia 'Las Vegas',#1,7.59,9.00,44,,Retail Foliage,,,
,Alchemilla alpina,2QT,6.08,7.12,199,Oct 5,Small Looks Good,,,
,Alchemilla erythropoda,2QT,6.08,7.12,227,Oct 5,Retail Foliage,,,
,Alchemilla mollis,#1,6.29,7.38,100,Sep 28,Retail Foliage,,,
,Allium 'New Moon',2QT,7.44,8.79,26,,Retail Foliage,,,
X,Allium cernuum,2QT,7.44,8.79,0,Sep 21,,,,
,Allium senescens 'Glaucum',2QT,8.48,10.04,89,Sep 28,Fair Foliage,,,
,Amsonia 'Blue Ice',#1,7.59,9.00,2058,,Retail Foliage,,,
,Amsonia 'Starstruck',#1,7.59,9.00,501,Sep 28,Fall Color,,,
,Amsonia hubrichtii,#1,7.59,9.00,5161,Sep 21,Retail Foliage,,,
,Amsonia tabernaemontana,#1,6.29,7.38,326,Sep 28,Retail Foliage,,,
,Anaphalis margaritacea LE,1QT,5.04,5.93,174,,Budded,,,
,Anaphalis margaritacea LE,TRAY 50,90.00,90.00,7,,Ready,,,
,Anemone Harlequin™ 'Cameo',#1,7.59,9.00,375,,Bud & Bloom,,,
,Anemone × hybrida 'Honorine Jobert',#1,7.59,9.00,1011,,Retail Foliage,,,
,Anemone × hybrida 'Pamina',#1,7.59,9.00,469,,Budded,,,
,Anemone hupehensis 'Pink Saucer',#1,6.29,7.38,254,,Bud & Bloom,,,
,Anemone × hybrida 'Whirlwind',#1,7.59,9.00,300,,Budded,,,
,Anemone 'Wild Swan',#1,8.68,10.30,80,,Retail Foliage,,,
,Anemone hupehensis 'September Charm',#1,7.59,9.00,492,,Retail Foliage,,,
,Anemone multifida 'Annabella White',2QT,6.08,7.12,65,,Retail Foliage,,,
,Anemone tomentosa 'Robustissima',#1,7.59,9.00,859,,Budded,,,
,Anemone virginiana,#1,7.59,9.00,507,Sep 28,Small Looks Good,,,
,Anemone virginiana LE,TRAY 50,85.00,85.00,16,,Ready,,,
X,Anemonopsis macrophylla,#1,8.68,10.30,0,Sep 21,,,,
,Angelica atropurpurea,#1,6.29,7.38,49,Sep 28,Retail Foliage,,,
,Angelica gigas,TRGA,7.28,8.68,290,,"Blooming, Small Tops",,,
X,Antennaria neglecta,#1,7.59,9.00,0,Sep 28,,,,
,Antennaria plantaginifolia,#1,7.59,9.00,195,,Retail Foliage,,,
X,Antennaria plantaginifolia LE,#1,7.59,9.00,0,Oct 5,,,,
,Anthemis tinctoria,#1,6.29,7.38,195,,Retail Foliage,,,
,Aquilegia 'Dove',2QT,7.44,8.79,103,Sep 28,Fair Foliage,,,
,Aquilegia alpina,2QT,6.08,7.12,137,Sep 28,Fair Foliage,,,
,Aquilegia buegeriana 'Calimero',2QT,7.44,8.79,288,Sep 28,Retail Foliage,,,
,"Aquilegia can. ""Corbett'",2QT,7.44,8.79,215,Sep 28,Fair Foliage,,,
,Aquilegia can. 'Little Lanterns',2QT,7.44,8.79,23,Sep 28,Fair Foliage,,,
,Aquilegia can. 'Pink Lanterns',2QT,7.44,8.79,62,,Fair Foliage,,,
,Aquilegia canadensis,2QT,7.44,8.79,548,,Fair Foliage,,,
,Aquilegia canadensis LE,2QT,7.44,8.79,22,Sep 28,Cut Back,,,
X,Arabis × sturii,1QT,5.04,5.93,0,Sep 28,,,,
,Aralia cordata 'Sun King',TRGA,10.50,12.53,40,Sep 28,Retail Foliage,,,
,Aralia racemosa LE,#1,7.59,9.00,457,,Fair Foliage,,,
,Aralia racemosa LE,TRAY 50,85.00,85.00,7,,Ready,,,
,Arctostaphylos uva ursi,2QT,7.44,8.79,5611,,Retail Foliage,,,
,Artemisia schmidtiana 'Silver Mound',#1,6.29,7.38,53,Sep 28,Cut Back,,,
,Artemisia stelleriana 'Boughton Silver',#1,6.29,7.38,240,,Retail Foliage,,,
,Aruncus 'Misty Lace',TRGA,8.32,9.93,465,,Small Looks Good,,,
,Aruncus aethusifolius,2QT,6.08,7.12,312,Sep 21,Retail Foliage,,,
,Aruncus diocus,#1,7.59,9.00,326,,Small Looks Good,,,
,Asarum canadense,1QT,6.03,7.23,1677,,Retail Foliage,,,
,Asclepias incarnata 'Ice Ballet',#1,7.59,9.00,258,,Retail Foliage,,,
,Asclepias incarnata LE,#1,7.59,9.00,509,Oct 5,Fair Foliage,,,
,Asclepias incarnata LE,TRAY 50,85.00,85.00,6,,Ready,,,
,Asclepias syriaca LE,#1,7.59,9.00,20,Sep 21,Fair Foliage,,,
,Asclepias syriaca LE,TRAY 50,85.00,85.00,11,,Ready,,,
,Asclepias tuberosa,#1,7.59,9.00,1993,,Retail Foliage,,,
,Asclepias tuberosa 'Hello Yellow',#1,7.59,9.00,556,,Fair Foliage,,,
,Aster ageratoides 'Ezo Murasaki',#1,7.59,9.00,53,Sep 28,Budded,,,
,Aster alpinus 'Happy End',2QT,6.08,7.12,125,Sep 28,Retail Foliage,,,
,Aster tataricus 'Jindai',TRGA,7.28,8.68,33,,Retail Foliage,,,
,Astilbe 'August Light',#1,7.59,9.00,295,,Budded,,,
,Astilbe ×arendsii 'Bressingham Beauty',#1,6.29,7.38,202,,Retail Foliage,,,
,Astilbe ×arendsii 'Bridal Veil',#1,6.29,7.38,913,,Retail Foliage,,,
,Astilbe ×arendsii 'Chocolate Shogun',#1,8.68,10.30,360,,Retail Foliage,,,
,Astilbe 'Delft Lace',#1,7.59,9.00,100,,Retail Foliage,,,
,Astilbe 'Deutschland',#1,7.59,9.00,924,,Retail Foliage,,,
,Astilbe ×arendsii 'Fanal',#1,6.29,7.38,1082,,Retail Foliage,,,
,Astilbe 'Hennie Graafland',#1,6.29,7.38,863,,Retail Foliage,,,
,Astilbe 'Ostrich Plume',#1,6.29,7.38,239,,Retail Foliage,,,
,Astilbe 'Peach Blossom',#1,7.59,9.00,377,,Small Looks Good,,,
,Astilbe 'Prof. van der Wielen',#1,6.29,7.38,92,,Retail Foliage,,,
,Astilbe 'Red Sentinel',#1,6.29,7.38,810,,Blooming,,,
,Astilbe 'Snowdrift',#1,6.29,7.38,581,,Retail Foliage,,,
,Astilbe Younique™ 'Cerise',#1,7.59,9.00,374,,Retail Foliage,,,
,Astilbe Younique™ 'Silvery Pink',#1,7.59,9.00,233,,Retail Foliage,,,
,Astilbe ×arendsii 'Color Flash®',#1,7.59,9.00,368,,Budded,,,
,Astilbe biternata,#1,8.68,10.30,108,Sep 21,Retail Foliage,,,
,Astilbe chinensis 'Milk and Honey',#1,7.59,9.00,368,,Retail Foliage,,,
,Astilbe chinensis 'Pumila',#1,8.68,10.30,696,,Retail Foliage,,,
,Astilbe chinensis 'Purple Candle',#1,7.59,9.00,587,,Budded,,,
,Astilbe 'Vision in Pink',#1,7.59,9.00,441,,Bud & Bloom,,,
,Astilbe 'Vision in Red',#1,7.59,9.00,1560,,Bud & Bloom,,,
,Astilbe 'Vision in White',#1,6.29,7.38,149,,Retail Foliage,,,
,Astilbe 'Vision in White Delight',#1,7.59,9.00,41,,Fair Foliage,,,
,Astilbe soft pink,#1,6.29,7.38,6,,Fair Foliage,,,
,Astilboides tabularis,TRGA,9.36,11.18,450,,Retail Foliage,,,
,Astrantia major 'Roma',#1,8.68,10.30,165,,Retail Foliage,,,
,Astrantia major 'Star of Beauty',#1,8.68,10.30,110,,Fair Foliage,,,
,Astrantia major 'Star of Love',#1,8.68,10.30,34,,Retail Foliage,,,
,Aurinia saxatilis 'Compacta',2QT,6.08,7.12,749,,Retail Foliage,,,
,Baptisia  'American Goldfinch',TRGA,10.50,12.53,207,,Retail Foliage,,,
,Baptisia 'Honey Roasted',TRGA,10.50,12.53,103,,Fair Foliage,,,
,Baptisia Prairieblues™ 'Twilite',#1,8.68,10.30,318,,Retail Foliage,,,
X,Baptisia australis,#1,7.59,9.00,0,Sep 21,,,,
,Bergenia Dragonfly™ 'Sakura',#1,7.59,9.00,358,Sep 21,Retail Foliage,,,
,Bergenia cord. 'Winterglut',#1,6.29,7.38,149,Sep 28,Retail Foliage,,,
,Boltonia asteroides 'Snowbank',TRGA,7.28,8.68,202,,Small Looks Good,,,
,Brunnera macrophylla 'Jack Frost',#1,8.68,10.30,239,,Retail Foliage,,,
,Brunnera macrophylla,#1,7.59,9.00,665,,Retail Foliage,,,
,Calamintha nepeta 'White Cloud',#1,6.29,7.38,196,,Small Looks Good,,,
,Calamintha nepeta ssp. nepeta,#1,6.29,7.38,191,,Retail Foliage,,,
,Callirhoe involucrata,2QT,7.44,8.79,220,,Retail Foliage,,,
,Caltha palustris,2QT,7.44,8.79,2501,,Retail Foliage,,,
,Campanula 'Birch Hybrid',2QT,6.08,7.12,278,,Retail Foliage,,,
,Campanula 'Pink Octopus',#1,7.59,9.00,201,Sep 28,Retail Foliage,,,
,Campanula carpatica 'Rapido Blue',2QT,6.08,7.12,563,,Retail Foliage,,,
,Campanula carpatica 'White Pearl',2QT,6.08,7.12,402,,Small Looks Good,,,
,Campanula persicifolia 'Telham Beauty',#1,6.29,7.38,374,,Retail Foliage,,,
X,Campanula 'Camgood' (Blue Waterfall),2QT,7.44,8.79,0,Sep 28,,,,
,Campanula rotundifolia 'Olympica',2QT,7.44,8.79,39,Sep 21,Cut Back,,,
,Campanula  'Elizabeth',#1,6.29,7.38,136,,Retail Foliage,,,
,Caryopteris x clandonensis 'Dark Knight',TRGA,8.32,9.93,170,,Bud & Bloom,,,
,Centaurea atropurpurea,#1,6.29,7.38,209,,Small Looks Good,,,
,Centaurea orientalis,#1,6.29,7.38,336,,Small Looks Good,,,
,Centaurea orientalis,TRGA,7.28,8.68,44,,Fair Foliage,,,
,Centranthus ruber 'Coccineus',#1,6.29,7.38,39,,Fair Foliage,,,
,Cerastium tomentosum,2QT,6.08,7.12,505,,Retail Foliage,,,
,Ceratostigma plumbaginoides,2QT,7.44,8.79,160,,Retail Foliage,,,
,Chamerion angustifolium LE,#1,7.59,9.00,354,Sep 21,Bud & Bloom,,,
,Chamerion angustifolium LE,TRAY 50,85.00,85.00,13,,Ready,,,
X,Chelone glabra LE,#1,7.59,9.00,0,Oct 5,,,,
,Chelone glabra 'Black Ace',#1,7.59,9.00,223,Sep 28,Budded,,,
,Chelone glabra LE,TRAY 50,85.00,85.00,42,,Ready,,,
,Chelone lyonii 'Hot Lips',#1,6.29,7.38,443,,Bud & Bloom,,,
,Chrysanthemum 'Clara Curtis',#1,6.29,7.38,214,,Bud & Bloom,,,
,Chrysanthemum 'Sheffield',#1,6.29,7.38,435,,Retail Foliage,,,
X,Chrysogonum virginianum,2QT,7.44,8.79,0,Sep 21,,,,
,Clematis integrifolia Mongolian Bells®,#1,6.29,7.38,308,,Fair Foliage,,,
,Clematis virginiana LE,#1,7.59,9.00,417,Oct 5,Retail Foliage,,,
,Clematis virginiana LE,TRAY 50,85.00,85.00,16,,Ready,,,
,Clerodendron trichotomum,#1,8.68,10.30,6,,Small Looks Good,,,
,Comptonia peregrina,2QT,8.48,10.04,1591,,Retail Foliage,,,
,Conoclinium coelestinum,TRGA,7.28,8.68,146,,Bud & Bloom,,,
,Convallaria majalis,1QT,4.11,4.84,7392,,Small Looks Good,,,
,Convallaria majalis 'Prolificans',1QT,5.04,5.93,2699,,Fair Foliage,,,
,Convallaria majalis 'Rosea',1QT,6.03,7.23,216,,Fair Foliage,,,
,Coreopsis 'Crème Brulee',#1,6.29,7.38,142,,Small Looks Good,,,
,Coreopsis 'Gilded Lace',#1,7.59,9.00,123,,Leafing Out,,,
,Coreopsis 'Jethro Tull',#1,6.29,7.38,135,,Cut Back,,,
,Coreopsis PermaThread™ 'Red Satin',#1,7.59,9.00,51,,Budded,,,
,Coreopsis auriculata 'Nana',2QT,6.08,7.12,218,,Retail Foliage,,,
,Coreopsis tripteris 'Gold Standard',#1,8.68,10.30,214,Sep 28,Bud & Bloom,,,
X,Coreopsis verticillata 'Moonbeam',#1,6.29,7.38,0,Sep 28,,,,
,Coreopsis verticillata 'Zagreb',#1,6.29,7.38,389,,Bud & Bloom,,,
,Corydalis lutea,2QT,7.44,8.79,195,,Small Looks Good,,,
,Crambe maritima,#1,7.59,9.00,136,Sep 28,Fair Foliage,,,
,Dalea purpurea,2QT,7.44,8.79,623,,Small Looks Good,,,
,Darmera peltata,TRGA,9.36,11.18,203,,Fair Foliage,,,
,Dianthus Scent First ® 'Coconut Surprise',2QT,6.08,7.12,65,,Fair Foliage,,,
,Dianthus EverBloom™ 'Watermelon Ice',2QT,6.08,7.12,8,,Fair Foliage,,,
,Dianthus Vivid™ 'Bright Light',2QT,6.08,7.12,95,,Fair Foliage,,,
,Dianthus carthusianorum,2QT,6.08,7.12,34,,Fair Foliage,,,
,Dianthus cruentus,2QT,6.08,7.12,178,,Fair Foliage,,,
,Dianthus petraeus,2QT,6.08,7.12,44,,Fair Foliage,,,
,Dianthus superbus,2QT,6.08,7.12,217,,Retail Foliage,,,
,Dicentra Amore™ 'Titanium',#1,8.68,10.30,411,,"Blooming, Small Tops",,,
X,Dictamnus albus,1QT,6.03,7.23,0,Oct 5,,,,
,Digitalis ferruginea,#1,6.29,7.38,145,,Retail Foliage,,,
,Digitalis grandiflora 'Carillon',#1,6.29,7.38,16,,Retail Foliage,,,
,Digitalis purpurea 'Snow Thimble',#1,6.29,7.38,10,,Fair Foliage,,,
,Doellingeria umbellata LE,#1,7.59,9.00,442,Sep 28,Retail Foliage,,,
,Doellingeria umbellata LE,TRAY 50,77.50,77.50,43,,Ready,,,
,Dracocephalum argunense 'Fuji Blue',#1,6.29,7.38,122,,Retail Foliage,,,
,Echinacea KISMET® Red,#1,8.68,10.30,145,,Retail Foliage,,,
,Echinacea KISMET® Yellow,#1,8.68,10.30,12,,Retail Foliage,,,
,Echinacea p. 'Magnus',#1,6.29,7.38,697,,Retail Foliage,,,
X,Echinacea p. PowWow® 'White',#1,6.29,7.38,0,Sep 21,,,,
X,Echinacea p. PowWow ® 'Wild Berry',#1,6.29,7.38,0,Sep 21,,,,
,Echinacea p. 'Ruby Star',#1,6.29,7.38,1035,,Retail Foliage,,,
X,Echinacea p. 'White Swan',#1,6.29,7.38,0,Sep 21,,,,
X,Echinacea pallida,2QT,6.08,7.12,0,Sep 21,,,,
X,Echinacea purpurea,#1,6.29,7.38,0,Sep 21,,,,
,Echinops niveus 'Arctic Glow',#1,6.29,7.38,84,,Fair Foliage,,,
,Epimedium 'Amber Queen',2QT,9.62,11.39,45,Oct 19,Retail Foliage,,,
,Epimedium 'Sunny and Share',2QT,8.48,10.04,14,,Retail Foliage,,,
X,Epimedium grandiflorum 'Lilafee',2QT,9.62,11.39,0,Oct 19,,,,
,Epimedium grandiflorum 'Pretty in Pink',2QT,9.62,11.39,97,,Retail Foliage,,,
X,Epimedium grandiflorum 'Yubae',2QT,8.48,10.04,0,Oct 19,,,,
,Epimedium 'Bandit',1QT,8.32,9.93,214,,Retail Foliage,,,
,Epimedium 'Frohnleiten',2QT,8.48,10.04,707,,Retail Foliage,,,
,Epimedium ×versicolor 'Sulphureum',2QT,8.48,10.04,1669,,Retail Foliage,,,
,Epimedium 'Ellen Willmot',2QT,10.66,12.58,56,Oct 12,Retail Foliage,,,
,Epimedium x rubrum,2QT,8.48,10.04,1596,,Fair Foliage,,,
,Epimedium x youngianum 'Niveum',1QT,6.03,7.23,122,,Retail Foliage,,,
,Epimedium x youngianum 'Roseum',1QT,6.03,7.23,263,,Retail Foliage,,,
,Erigeron p. v. p. 'Lynnhaven Carpet',#1,7.59,9.00,154,,Retail Foliage,,,
,Eryngium × zabelii 'Big Blue',#1,8.68,10.30,333,,Small Looks Good,,,
,Eryngium p. 'Blue Glitter',#1,6.29,7.38,241,,Retail Foliage,,,
,Eryngium yuccifolium,#1,7.59,9.00,87,,Fair Foliage,,,
,Euonymus fortunei 'Kewensis',1QT,5.04,5.93,270,,Retail Foliage,,,
X,Eupatorium hyssopifolium LE,#1,7.59,9.00,0,Sep 21,,,,
,Eupatorium perfoliatum LE,#1,7.59,9.00,357,Oct 5,Retail Foliage,,,
,Eupatorium perfoliatum LE,TRAY 50,85.00,85.00,45,,Ready,,,
,Euphorbia polychroma,#1,6.29,7.38,165,,Cut Back,,,
,Eurybia divaricata LE,2QT,7.44,8.79,270,Oct 5,Bud & Bloom,,,
,Eurybia divaricata LE,TRAY 50,77.50,77.50,12,,Ready,,,
,Eurybia macrophylla LE,#1,7.59,9.00,482,Sep 28,Retail Foliage,,,
,Eurybia macrophylla LE,TRAY 50,77.50,77.50,38,,Ready,,,
,Eurybia x herveyi 'Twilight',#1,6.29,7.38,341,,Bud & Bloom,,,
,Euthamia graminifolia LE,#1,7.59,9.00,343,Sep 28,Retail Foliage,,,
,Euthamia graminifolia LE,TRAY 50,77.50,77.50,65,,Ready,,,
,Eutrochium dubium LE,#1,7.59,9.00,69,Sep 28,Cut Back,,,
,Eutrochium dubium 'Baby Joe',TRGA,8.32,9.93,211,,Retail Foliage,,,
,Eutrochium dubium LE,TRAY 50,85.00,85.00,47,,Ready,,,
,Eutrochium fortunei 'Pink Frost',TRGA,8.32,9.93,430,,Retail Foliage,,,
,Eutrochium maculatum LE,#1,7.59,9.00,599,Oct 5,Fair Foliage,,,
,Eutrochium maculatum 'Gateway',TRGA,8.32,9.93,69,,Retail Foliage,,,
,Eutrochium maculatum LE,TRAY 50,85.00,85.00,34,,Ready,,,
,FERNS,,,,,,,,,
,Adiantum pedatum,2QT,7.44,8.79,1910,Sep 28,Retail Foliage,,,
,Adiantum venustum,2QT,7.44,8.79,77,,Retail Foliage,,,
,Asplenium trichomanes,2QT,7.44,8.79,254,,Retail Foliage,,,
,Athyrium × 'Ghost',2QT,6.08,7.12,175,Sep 28,Retail Foliage,,,
,Athyrium 'Godzilla',#1,6.29,7.38,270,Sep 28,Retail Foliage,,,
,Athyrium filix-femina 'Lady in Red',2QT,6.08,7.12,859,Sep 28,Retail Foliage,,,
,Athyrium filix-femina 'Victoriae',2QT,6.08,7.12,1365,Sep 28,Retail Foliage,,,
,Athyrium filix-femina,2QT,6.08,7.12,586,Sep 28,Retail Foliage,,,
,Athyrium nip. v. pictum,2QT,6.08,7.12,332,Sep 28,Retail Foliage,,,
,Cheilanthes lanosa,2QT,6.08,7.12,615,,Retail Foliage,,,
,Cystopteris bulbifera,2QT,6.08,7.12,235,,Small Looks Good,,,
,Dennstaedtia punctilobula,2QT,7.44,8.79,20464,,Retail Foliage,,,
,Dennstaedtia punctilobula,TRAY 32 CT,96.00,96.00,10,Sep 14,READY,,,
,Dryopteris championii,2QT,7.44,8.79,420,,Retail Foliage,,,
X,Dryopteris erythrosora 'Brilliance',2QT,6.08,7.12,0,Sep 21,,,,
,Dryopteris filix-mas,2QT,7.44,8.79,319,Sep 21,Retail Foliage,,,
,Dryopteris marginalis,2QT,6.08,7.12,598,Sep 21,Retail Foliage,,,
,Dryopteris tokyoensis,2QT,7.44,8.79,514,,Retail Foliage,,,
,Matteuccia struthiopteris,TRGA,8.32,9.93,1995,Sep 28,Small Looks Good,,,
,Onoclea sensibilis,2QT,7.44,8.79,1038,,Retail Foliage,,,
,Osmunda cinnamomea,#1,7.59,9.00,550,Sep 28,Retail Foliage,,,
X,Osmunda claytoniana,2QT,7.44,8.79,0,Sep 21,,,,
,Osmunda regalis,2QT,7.44,8.79,1484,Sep 28,Retail Foliage,,,
,Polystichum acrostichoides,2QT,7.44,8.79,1230,Sep 28,Retail Foliage,,,
,Polystichum polyblepharum,2QT,7.44,8.79,303,Sep 21,Retail Foliage,,,
,Thelypteris palustris,2QT,6.08,7.12,512,,Retail Foliage,,,
,Woodsia obtusa,2QT,7.44,8.79,267,,Retail Foliage,,,
,Filipendula × 'Red Umbrellas',#1,8.68,10.30,74,,Retail Foliage,,,
,Filipendula rubra 'Venusta',TRGA,8.32,9.93,300,,Retail Foliage,,,
,Fragaria vesca LE,#1,7.59,9.00,999,,Retail Foliage,,,
,Fragaria virginiana,#1,7.59,9.00,222,,Retail Foliage,,,
,Galium odoratum,1QT,4.11,4.84,1204,,Retail Foliage,,,
X,Gaultheria procumbens,2QT,8.48,10.04,0,Oct 5,,,,
X,Gentiana 'True Blue',#1,8.68,10.30,0,Sep 21,,,,
,Geranium 'Azure Rush',#1,7.59,9.00,86,Sep 21,Small Looks Good,,,
X,Geranium 'Johnson's Blue',#1,6.29,7.38,0,Sep 28,,,,
,Geranium ×cant. 'Biokovo',#1,7.59,9.00,543,,Retail Foliage,,,
,Geranium × cant. 'Cambridge',#1,6.29,7.38,379,,Retail Foliage,,,
,Geranium himalayense,#1,7.59,9.00,164,,Retail Foliage,,,
,Geranium himalayense 'Birch's Double',#1,7.59,9.00,116,,Bud & Bloom,,,
X,Geranium macro. 'Bevan's Variety',2QT,6.08,7.12,0,Sep 21,,,,
X,Geranium mac. 'Ingwersen's Variety',2QT,6.08,7.12,0,Sep 21,,,,
,Geranium mac. 'Spessart',2QT,6.08,7.12,57,Sep 21,Small Looks Good,,,
,Geranium maculatum,2QT,7.44,8.79,762,,Small Looks Good,,,
,Geranium phaeum 'Samobor',#1,7.59,9.00,134,,Retail Foliage,,,
X,Geranium sanguineum 'Album',#1,7.59,9.00,0,Sep 28,,,,
X,Geranium sang. 'Max Frei',#1,7.59,9.00,0,Sep 28,,,,
X,Geranium sang. 'NH Purple',#1,7.59,9.00,0,Oct 5,,,,
X,Geranium sang. var. striatum,#1,7.59,9.00,0,Oct 5,,,,
,Geranium 'Rozanne',#1,7.59,9.00,635,,Retail Foliage,,,
,Geum ×Cocktails™ 'Banana Daiquiri',#1,7.59,9.00,295,,Retail Foliage,,,
,Geum × Cocktails™ 'Sea Breeze',#1,7.59,9.00,215,,Retail Foliage,,,
,Geum 'Totally Tangerine',#1,8.68,10.30,362,,Retail Foliage,,,
,Geum triflorum,#1,7.59,9.00,59,Sep 28,Retail Foliage,,,
,Gillenia trifoliata,#1,7.59,9.00,594,,Fair Foliage,,,
,Globularia cordifolia,2QT,7.44,8.79,574,,Retail Foliage,,,
,GRASSES,,,,,,,,,
,Andropogon ger. 'Blackhawks',2GA,9.52,11.28,205,Sep 21,Small Looks Good,,,
,Andropogon ger. 'Blackhawks',#1,7.59,9.00,268,,Bud & Bloom,,,
,Andropogon gerardii LE,TRAY 50,85.00,85.00,19,,Ready,,,
,Bouteloua 'Blonde Ambition',#1,7.59,9.00,162,,"Blooming, Fair Foliage",,,
,Calamagrostis 'Karl Foerster',#1,6.29,7.38,201,,Cut Back,,,
,Calamagrostis 'Karl Foerster',2GA,8.48,10.04,1095,,Retail Foliage,,,
,Calamagrostis 'Overdam',2GA,9.52,11.28,194,,Small Looks Good,,,
,Calamagrostis 'Lightning Strike'®,2GA,8.48,10.04,561,,Small Looks Good,,,
,Carex appalachica,2QT,6.08,7.12,484,Sep 28,Small Looks Good,,,
,Carex brevior,2QT,6.08,7.12,57,,Retail Foliage,,,
,Carex laxiculmis 'Bunny Blue'™,2QT,7.44,8.79,289,,Retail Foliage,,,
,Carex morrowii 'Ice Dance',2GA,8.48,10.04,653,,Small Looks Good,,,
,Carex oshimensis 'Evergold',2QT,7.44,8.79,203,,Retail Foliage,,,
,Carex pensylvanica,2QT,6.08,7.12,5881,Sep 21,Retail Foliage,,,
,Carex pensylvanica,TRAY 50,120.00,120.00,79,Sep 21,Ready,,,
,Carex plantaginea,2QT,7.44,8.79,284,,Retail Foliage,,,
,Carex woodii,2QT,6.08,7.12,730,,Retail Foliage,,,
,Chasmanthium latifolium,2GA,9.52,11.28,304,,Retail Foliage,,,
,Deschampsia cespitosa,2GA,8.48,10.04,847,,Retail Foliage,,,
,Deschampsia cespitosa 'Goldtau',2GA,9.52,11.28,146,,Retail Foliage,,,
,Eragrostis spectabilis LE,2GA,9.52,11.28,259,,Small Looks Good,,,
,Eragrostis spectabilis LE,TRAY 50,77.50,77.50,10,,Ready,,,
,Festuca arun. Glow Sticks,#1,6.29,7.38,249,,Fair Foliage,,,
,Festuca glauca 'Elijah Blue',#1,6.29,7.38,425,,Fair Foliage,,,
,Festuca glauca Beyond Blue™,#1,7.59,9.00,236,,Fair Foliage,,,
,Hakonechloa macra,2QT,9.62,11.39,1358,,Retail Foliage,,,
,Hakonechloa 'All Gold',2QT,9.62,11.39,361,,Retail Foliage,,,
,Juncus effusus,#1,7.59,9.00,208,,Retail Foliage,,,
,Miscanthus 'Purpurascens',2GA,8.48,10.04,28,,Retail Foliage,,,
,Miscanthus 'Gracillimus',#1,6.29,7.38,160,,Fair Foliage,,,
,Miscanthus 'Gracillimus',2GA,8.48,10.04,106,,Fair Foliage,,,
,Miscanthus 'Strictus',#1,7.59,9.00,374,,Retail Foliage,,,
,Miscanthus 'Strictus',2GA,9.52,11.28,137,,Retail Foliage,,,
,Molinia 'Skyracer',#1,7.59,9.00,296,,Blooming,,,
,Molinia 'Skyracer',2GA,9.52,11.28,179,,Small Looks Good,,,
,Panicum virg. 'Heavy Metal',2GA,9.52,11.28,161,,Retail Foliage,,,
,Panicum virg. 'Northwind',#1,7.59,9.00,362,,Bud & Bloom,,,
,Panicum virg. 'Northwind',2GA,9.52,11.28,185,,Retail Foliage,,,
,Panicum virg. 'Rotstrahlbusch',2GA,9.52,11.28,254,,Bud & Bloom,,,
,Panicum virg. Ruby Ribbons™,#1,7.59,9.00,182,,Bud & Bloom,,,
,Panicum virg. 'Shenandoah',#1,7.59,9.00,124,,Fair Foliage,,,
,Panicum virg. 'Shenandoah',2GA,9.52,11.28,366,,Blooming,,,
,Panicum virgatum LE,#1,7.59,9.00,1257,,Blooming,,,
,Panicum virgatum LE,TRAY 50,85.00,85.00,68,,Ready,,,
,Pennisetum 'Hameln',2GA,8.48,10.04,866,,Blooming,,,
,Schizachyrium 'Carousel',2GA,9.52,11.28,154,,Retail Foliage,,,
,Schizachyrium scop. Standing Ovation,#1,7.59,9.00,179,,Retail Foliage,,,
,Schizachyrium scoparium,#1,7.59,9.00,149,,Blooming,,,
,Schizachyrium 'Blue Heaven'™,#1,7.59,9.00,134,,Budded,,,
,Schizachyrium 'Blue Heaven'™,2GA,9.52,11.28,80,Sep 28,Retail Foliage,,,
,Schizachyrium 'Cinnamon Sticks',#1,7.59,9.00,212,,Retail Foliage,,,
,Sorghastrum nutans,#1,7.59,9.00,56,,Blooming,,,
,Sorghastrum nutans,2GA,9.52,11.28,216,,Retail Foliage,,,
,Sporobolus heterolepis,#1,7.59,9.00,4744,,Blooming,,,
,Gypsophila repens 'Rosea',2QT,6.08,7.12,238,,Leafing Out,,,
,Gypsophila repens 'White',2QT,6.08,7.12,43,,Retail Foliage,,,
,Helenium 'Mardi Gras',#1,7.59,9.00,24,Sep 28,Retail Foliage,,,
,Helenium Mariachi™ 'Bandera',#1,7.59,9.00,73,,"Blooming, Fair Foliage",,,
,Helenium Mariachi™ 'Siesta',#1,7.59,9.00,192,,"Blooming, Small Tops",,,
,Helenium aut. 'Sahin's Early Flowerer',#1,7.59,9.00,152,,Leafing Out,,,
,Helenium autumnale LE,#1,7.59,9.00,353,Oct 5,Retail Foliage,,,
,Helenium autumnale LE,TRAY 50,85.00,85.00,19,,Ready,,,
,Helenium flexuosum LE,#1,7.59,9.00,234,Sep 28,Cut Back,,,
,Helenium flexuosum LE,TRAY 50,90.00,90.00,41,,Ready,,,
,Helianthus 'Autumn Gold',TRGA,7.28,8.68,263,,Budded,,,
,Helianthus 'Lemon Queen',TRGA,8.32,9.93,354,,Bud & Bloom,,,
X,Helianthus decapetalus LE,#1,7.59,9.00,0,Sep 21,,,,
X,Helianthus divaricatus LE,#1,7.59,9.00,0,Sep 28,,,,
X,Heliopsis 'Sole Scuro',#1,7.59,9.00,0,Oct 12,,,,
,Heliopsis h. 'Fire Twister',#1,8.68,10.30,15,,Blooming,,,
X,Heliopsis helianthoides,#1,6.29,7.38,0,Sep 21,,,,
,Helleborus 'Blushing Bridesmaid',#1,9.83,11.60,315,,Small Looks Good,,,
,Helleborus 'California Dreaming',#1,9.83,11.60,613,,Small Looks Good,,,
,Helleborus 'Dark and Handsome',#1,9.83,11.60,315,,Retail Foliage,,,
,Helleborus 'French Kiss',#1,9.83,11.60,173,,Retail Foliage,,,
,Helleborus 'Ivory Prince',#1,9.83,11.60,1716,,Small Looks Good,,,
,Helleborus 'Rio Carnival',#1,9.83,11.60,318,,Small Looks Good,,,
,Helleborus 'Rome in Red',#1,9.83,11.60,189,,Retail Foliage,,,
,Helleborus 'Sandy Shores',#1,9.83,11.60,372,,Retail Foliage,,,
,Helleborus 'Shotgun Wedding',#1,9.83,11.60,343,,Small Looks Good,,,
,Helleborus 'Spanish Flare',#1,9.83,11.60,383,,Small Looks Good,,,
,Helleborus 'Royal Heritage'™,#1,8.68,10.30,446,,Small Looks Good,,,
,Helleborus Winter Magic™ 'Candy Love',#1,9.83,11.60,1547,,Retail Foliage,,,
,Helleborus Brandywine™ Hybrids,#1,8.68,10.30,820,,Small Looks Good,,,
,Helleborus 'Pine Knot Select Strain',#1,8.68,10.30,261,,Small Looks Good,,,
,Helleborus Winter Magic™ 'Snow Love',#1,9.83,11.60,1520,,Retail Foliage,,,
,Hemerocallis 'Alabama Jubilee',#1,8.68,10.30,559,,Budded,,,
,Hemerocallis 'Apricot Sparkles',#1,7.59,9.00,379,,Retail Foliage,,,
,Hemerocallis 'Barbara Mitchell',#1,8.68,10.30,271,,Budded,,,
,Hemerocallis 'Bela Lugosi',#1,7.59,9.00,259,,Retail Foliage,,,
,Hemerocallis 'Bertie Ferris',#1,6.29,7.38,237,,Bud & Bloom,,,
,Hemerocallis 'Big Time Happy',#1,6.29,7.38,381,Sep 28,Retail Foliage,,,
,Hemerocallis 'Bright Sunset',#1,7.59,9.00,171,,Budded,,,
,Hemerocallis 'Buttered Popcorn',#1,7.59,9.00,423,,Retail Foliage,,,
,Hemerocallis 'Catherine Woodbury',#1,6.29,7.38,274,,Bud & Bloom,,,
,Hemerocallis 'Desert Flame',#1,7.59,9.00,210,Sep 28,Retail Foliage,,,
,Hemerocallis 'Fooled Me',#1,8.68,10.30,326,,Retail Foliage,,,
,Hemerocallis 'Funny Valentine',#1,7.59,9.00,256,,Budded,,,
,Hemerocallis 'Happy Returns',2QT,6.08,7.12,1507,,Retail Foliage,,,
,Hemerocallis 'Hyperion',#1,7.59,9.00,199,,Bud & Bloom,,,
,Hemerocallis 'Joan Senior',#1,7.59,9.00,168,,Retail Foliage,,,
,Hemerocallis 'Little Grapette',#1,6.29,7.38,265,,Retail Foliage,,,
,Hemerocallis 'Marque Moon',#1,7.59,9.00,171,,Retail Foliage,,,
,Hemerocallis 'Mary Todd',#1,7.59,9.00,411,Sep 21,Retail Foliage,,,
,Hemerocallis 'Mauna Loa',#1,6.29,7.38,10,,Retail Foliage,,,
,Hemerocallis 'Mighty Chestnut',#1,7.59,9.00,238,,Budded,,,
,Hemerocallis 'Pandora's Box',#1,6.29,7.38,119,Sep 21,Retail Foliage,,,
,Hemerocallis 'Pardon Me',#1,6.29,7.38,119,Sep 28,Retail Foliage,,,
,Hemerocallis 'Purple de Oro',#1,7.59,9.00,13,,Retail Foliage,,,
,Hemerocallis 'Rocket City',#1,7.59,9.00,325,,Retail Foliage,,,
X,Hemerocallis 'Rosy Returns',#1,7.59,9.00,0,Sep 28,,,,
,Hemerocallis 'Scottish Fantasy',#1,7.59,9.00,252,,Retail Foliage,,,
,Hemerocallis 'South Seas',#1,7.59,9.00,198,,Bud & Bloom,,,
,Hemerocallis 'Stella de Oro',2QT,6.08,7.12,1631,,Bud & Bloom,,,
,Hemerocallis citrina,2QT,6.08,7.12,697,,Retail Foliage,,,
,Hemerocallis flava,2QT,7.44,8.79,464,,Retail Foliage,,,
,Heuchera 'Black Beauty',2QT,7.44,8.79,194,,Small Looks Good,,,
,Heuchera FOREVER™ Purple,2QT,7.44,8.79,189,,Retail Foliage,,,
,Heuchera 'Fire Chief',2QT,7.44,8.79,309,,Small Looks Good,,,
,Heuchera 'Frosted Violet',2QT,7.44,8.79,395,,Retail Foliage,,,
,Heuchera 'Glitter',2QT,8.48,10.04,159,,Small Looks Good,,,
,Heuchera NORTHERN EXPOSURE™ Lime,2QT,7.44,8.79,11,,Small Looks Good,,,
,Heuchera 'Obsidian',2QT,7.44,8.79,326,,Retail Foliage,,,
,Heuchera 'Peach Smoothie',2QT,7.44,8.79,178,,Small Looks Good,,,
,Heuchera 'Silver Scrolls',2QT,7.44,8.79,11,,Retail Foliage,,,
,Heuchera a.v. americana,2QT,6.08,7.12,308,,Small Looks Good,,,
,Heuchera americana 'Green Spice',2QT,7.44,8.79,538,,Retail Foliage,,,
,Heuchera longiflora,2QT,7.44,8.79,560,,Fair Foliage,,,
,Heuchera villosa 'Autumn Bride',#1,7.59,9.00,180,,Retail Foliage,,,
,Heuchera villosa 'Bronze Wave',2QT,7.44,8.79,214,,Retail Foliage,,,
,Heucherella 'Pink Revolution'™,2QT,7.44,8.79,417,,Retail Foliage,,,
,Heucherella 'Solar Eclipse',2QT,7.44,8.79,326,Sep 21,Fair Foliage,,,
,Heucherella 'Sweet Tea',2QT,7.44,8.79,206,,Retail Foliage,,,
,Hibiscus 'Blackberry Merlot',3GA,15.60,15.60,151,,"Blooming, Fair Foliage",,,
,Hibiscus 'Midnight Marvel',3GA,15.60,15.60,179,,"Blooming, Fair Foliage",,,
,Hibiscus 'Starry Starry Night',3GA,15.60,15.60,35,,"Blooming, Fair Foliage",,,
,Hibiscus moscheutos LE,#1,8.68,10.30,20,Oct 5,Fall Color,,,
,Hosta 'August Moon',#1,6.29,7.38,159,,Retail Foliage,,,
,Hosta 'Blue Mouse Ears',1QT,5.04,5.93,209,,Retail Foliage,,,
,Hosta 'Blueberry Muffin',#1,6.29,7.38,425,,Retail Foliage,,,
,Hosta 'Blueberry Muffin',TRGA,9.36,11.18,8,,Fair Foliage,,,
,Hosta 'Cameo',1QT,6.03,7.23,198,,Retail Foliage,,,
,Hosta 'Curly Fries',1QT,5.04,5.93,120,,Retail Foliage,,,
,Hosta 'Fire Island',#1,6.29,7.38,78,,Retail Foliage,,,
,Hosta 'Firn Line',#1,8.68,10.30,11,,Fair Foliage,,,
,Hosta 'Frances Williams',TRGA,7.28,8.68,32,,Fair Foliage,,,
,Hosta 'Great Expectations',#1,6.29,7.38,316,,Retail Foliage,,,
,Hosta 'Guacamole',#1,6.29,7.38,209,,Blooming,,,
,Hosta 'Maui Buttercups',#1,8.68,10.30,89,,Retail Foliage,,,
,Hosta 'Mighty Mouse',1QT,5.04,5.93,167,,Retail Foliage,,,
,Hosta 'Mini Skirt',1QT,6.03,7.23,198,,Retail Foliage,,,
,Hosta 'Munchkin Fire',1QT,5.04,5.93,77,,Retail Foliage,,,
,Hosta 'Pandora's Box',1QT,5.04,5.93,251,,Retail Foliage,,,
,Hosta 'Paradigm',#1,6.29,7.38,256,,Retail Foliage,,,
,Hosta 'Patriot',#1,6.29,7.38,488,,Retail Foliage,,,
,Hosta 'Pilgrim',#1,6.29,7.38,17,,Fair Foliage,,,
,Hosta 'School Mouse',1QT,5.04,5.93,252,,Retail Foliage,,,
,Hosta 'Stained Glass',#1,6.29,7.38,170,,Blooming,,,
,Hosta 'Sugar Daddy',TRGA,8.32,9.93,60,,Fair Foliage,,,
,Hosta 'Sun Mouse',1QT,5.04,5.93,224,,Retail Foliage,,,
,Hosta 'Wide Brim',#1,6.29,7.38,102,,Fair Foliage,,,
,Iberis semp. 'Alexander's White',#1,7.59,9.00,146,,Small Looks Good,,,
,Ionactis linariifolia LE,2QT,7.44,8.79,505,,"Blooming, Small Tops",,,
,Ionactis linariifolia LE,TRAY 50,85.00,85.00,16,,Ready,,,
,Iris cristata,1QT,5.04,5.93,1603,,Retail Foliage,,,
,Iris cristata 'Tennessee White',1QT,5.04,5.93,470,,Retail Foliage,,,
,Iris ensata 'Darling',#1,7.59,9.00,229,,Retail Foliage,,,
,Iris ensata 'Gold Bound',#1,7.59,9.00,497,,Retail Foliage,,,
,Iris ensata 'Katy Mendez',#1,7.59,9.00,314,,Retail Foliage,,,
,Iris ensata 'Variegata',#1,7.59,9.00,1521,,Retail Foliage,,,
,Iris sibirica 'Caesar's Brother',#1,6.29,7.38,1384,,Retail Foliage,,,
,Iris sibirica 'Contrast in Styles',#1,7.59,9.00,44,,Fair Foliage,,,
,Iris sibirica 'Cote d'Azur',#1,7.59,9.00,241,,Fair Foliage,,,
,Iris sibirica 'Dear Delight',#1,7.59,9.00,26,,Fair Foliage,,,
,Iris sibirica 'Moon Silk',#1,7.59,9.00,127,,Fair Foliage,,,
,Iris siberica 'Purring Tiger',#1,8.68,10.30,314,,Fair Foliage,,,
,Iris sibirica 'Ruffled Velvet',#1,7.59,9.00,208,,Fair Foliage,,,
,Iris sibirica 'Summer Revels',#1,6.29,7.38,78,,Fair Foliage,,,
,Iris versicolor,2QT,6.08,7.12,7,,Fair Foliage,,,
X,Iris versicolor LE,2QT,7.44,8.79,0,Oct 12,,,,
,Iris versicolor 'Purple Flame',#1,8.68,10.30,32,Sep 21,Retail Foliage,,,
X,Kalimeris incisa 'Blue Star',#1,6.29,7.38,0,Sep 28,,,,
,Kirengeshoma palmata,TRGA,9.36,11.18,212,,Budded,,,
,Knautia macedonica,#1,6.29,7.38,191,,Retail Foliage,,,
,Lamiastrum galeobdolon 'Florentinum',1QT,4.11,4.84,1588,,Retail Foliage,,,
,Lamium maculatum 'White Nancy',#1,6.29,7.38,19,,Retail Foliage,,,
,Lathyrus vernus,2QT,7.44,8.79,74,Sep 21,Cut Back,,,
,Lavandula 'Sensational!'®,#1,6.29,7.38,112,,Blooming,,,
,Lavandula × intermedia 'Provence',#1,6.29,7.38,14,,Retail Foliage,,,
,Leontopodium alpinum,2QT,6.08,7.12,251,,Retail Foliage,,,
X,Leucanthemum 'Becky',#1,6.29,7.38,0,Sep 28,,,,
X,Leucanthemum 'Becky',TRGA,7.28,8.68,0,Sep 21,,,,
,Leucanthemum 'Goldfinch',#1,6.29,7.38,249,Sep 28,Fair Foliage,,,
,"Leucanthemum x superbum ""Snow Lady""",#1,6.29,7.38,365,,Fair Foliage,,,
,Lewisia 'Little Mango',2QT,6.08,7.12,130,Oct 19,Retail Foliage,,,
,Lewisia 'Little Plum',2QT,6.08,7.12,16,Oct 19,Small Looks Good,,,
,Liatris microcephala,#1,7.59,9.00,310,,Bud & Bloom,,,
X,Liatris n.a. var.novae-angliae LE,#1,7.59,9.00,0,Sep 28,,,,
,Liatris spicata,#1,7.59,9.00,35,,Cut Back,,,
,Liatris 'Floristan White',#1,7.59,9.00,428,,Leafing Out,,,
,Liatris 'Kobold Original',#1,7.59,9.00,473,,Leafing Out,,,
,Ligularia 'Little Rocket',TRGA,8.32,9.93,185,,Fair Foliage,,,
,Ligularia dentata 'Osiris Fantaisie',TRGA,10.50,12.53,188,,Retail Foliage,,,
,Ligularia dentata 'Twilight',TRGA,8.32,9.93,487,,Retail Foliage,,,
,Ligularia stenocephala 'The Rocket',TRGA,7.28,8.68,313,,Retail Foliage,,,
,Limonium 'Dazzle Rocks',#1,7.59,9.00,302,,Small Looks Good,,,
X,Limonium latifolium,#1,6.29,7.38,0,Sep 28,,,,
,Liriope spicata,1QT,4.11,4.84,1826,,Retail Foliage,,,
,Lobelia siphilitica,#1,6.29,7.38,226,,Leafing Out,,,
,Lupinus 'The Governor',#1,6.29,7.38,17,,Fair Foliage,,,
X,Lysimachia clethroides,#1,6.29,7.38,0,Oct 5,,,,
,Lysimachia lanceolata v. purpurea,#1,6.29,7.38,186,,Small Looks Good,,,
,Macleaya microcarpa 'Kelways Coral Plume',TRGA,9.36,11.18,310,,Fair Foliage,,,
X,Meehania cordata,2QT,8.48,10.04,0,Sep 21,,,,
,Micranthes virginiensis LE,2QT,7.44,8.79,285,,Retail Foliage,,,
,Micranthes virginiensis LE,TRAY 50,90.00,90.00,16,Sep 28,Ready,,,
,Mimulus ringens LE,#1,7.59,9.00,146,Oct 5,Retail Foliage,,,
,Mimulus ringens LE,TRAY 50,77.50,77.50,15,,Ready,,,
X,Mitella diphylla,1QT,5.04,5.93,0,Sep 28,,,,
,Monarda Bee-You® Bee Lieve™,#1,6.29,7.38,158,Sep 28,Retail Foliage,,,
,Monarda Bee-You ® Bee True™,#1,6.29,7.38,86,Sep 28,Retail Foliage,,,
,Monarda 'Purple Rooster',#1,6.29,7.38,396,,Retail Foliage,,,
X,Monarda 'Jacob Cline',#1,6.29,7.38,0,Sep 28,,,,
,Monarda 'Marshall's Delight',#1,6.29,7.38,236,Sep 28,Retail Foliage,,,
X,Monarda 'Raspberry Wine',#1,6.29,7.38,0,Sep 28,,,,
X,Monarda fistulosa LE,#1,7.59,9.00,0,Sep 28,,,,
X,Monarda × 'Claire Grace',#1,6.29,7.38,0,Sep 28,,,,
,Monarda fistulosa LE,TRAY 50,77.50,77.50,54,,Ready,,,
X,Monarda punctata LE,#1,7.59,9.00,0,Oct 5,,,,
,Mukdenia 'Crimson Fans',#1,8.68,10.30,509,,Retail Foliage,,,
,Mukgenia NOVA™ 'Flame',#1,8.68,10.30,338,,Retail Foliage,,,
,Nepeta 'Junior Walker™',#1,6.29,7.38,273,,Bud & Bloom,,,
,Nepeta 'Early Bird',#1,6.29,7.38,292,,Bud & Bloom,,,
X,Nepeta 'Little Trudy®',#1,6.29,7.38,0,Sep 21,,,,
,Nepeta 'Six Hills Giant',#1,6.29,7.38,671,,Bud & Bloom,,,
,Nepeta 'Walker's Low',#1,6.29,7.38,2034,,Cut Back,,,
,Nepeta kubanica,#1,6.29,7.38,264,,Fair Foliage,,,
,Nepeta 'Souvenir d'André Chaudron',#1,6.29,7.38,272,,Fair Foliage,,,
,Nepeta subsessilis,#1,6.29,7.38,197,,Retail Foliage,,,
,Nipponanthemum nipponicum,#1,6.29,7.38,56,Oct 5,Retail Foliage,,,
,Oenothera fruticosa 'Fireworks',#1,7.59,9.00,299,,Retail Foliage,,,
,Origanum 'Rosenkuppel',#1,6.29,7.38,431,,Retail Foliage,,,
,Pachysandra terminalis 'Green Sheen',1QT,5.04,5.93,190,,Retail Foliage,,,
,Pachysandra terminalis 'Silver Edge',1QT,5.04,5.93,619,,Retail Foliage,,,
X,Packera obovata,2QT,7.44,8.79,0,Sep 28,,,,
,Packera aurea,2QT,7.44,8.79,20,,Retail Foliage,,,
,Paeonia 'America',2GA,24.44,29.12,15,,Fair Foliage,,,
,Paeonia 'Belgravia',2GA,24.44,29.12,39,,Small Looks Good,,,
,Paeonia 'Blaze',2GA,20.70,24.60,58,,Fair Foliage,,,
,Paeonia 'Charlie's White',2GA,11.44,13.62,38,,Fall Color,,,
,Paeonia 'Claire de Lune',2GA,18.72,22.26,22,,Fair Foliage,,,
,Paeonia 'Edulis Superba',2GA,11.44,13.62,33,,Fair Foliage,,,
,Paeonia 'Henry Bockstoce',2GA,16.22,19.29,28,,Small Looks Good,,,
,Paeonia 'Illini Warrior',2GA,18.72,22.26,20,,Fair Foliage,,,
,Paeonia Itoh 'All that Jazz',3GA,62.40,62.40,9,,Fair Foliage,,,
,Paeonia Itoh 'Love Affair',3GA,62.40,62.40,27,,Fair Foliage,,,
,Paeonia Itoh 'Morning Lilac',3GA,62.40,62.40,41,,Fair Foliage,,,
,Paeonia Itoh 'Scarlet Heaven',3GA,52.00,52.00,8,,Fair Foliage,,,
,Paeonia Itoh 'Singing in the Rain',3GA,52.00,52.00,8,,Fair Foliage,,,
,Paeonia Itoh 'Yankee Doodle Dandy',3GA,52.00,52.00,17,,Fair Foliage,,,
,Paeonia 'Karl Rosenfeld',2GA,16.22,19.29,30,,Fall Color,,,
,Paeonia 'Lillian Wild',2GA,16.22,19.29,24,,Fair Foliage,,,
,Paeonia 'Mme. de Vernville',2GA,20.70,24.60,78,,Fall Color,,,
,Paeonia 'Paula Fay',2GA,11.44,13.62,68,,Fair Foliage,,,
,Paeonia 'Peter Brand',2GA,18.72,22.26,12,,Fall Color,,,
,Paeonia 'Red Charm',2GA,16.22,19.29,77,,Fair Foliage,,,
,Paeonia 'Scarlett O’Hara',2GA,18.72,22.26,9,,Fair Foliage,,,
,Paeonia tenuifolia,2GA,62.40,62.40,23,,Fair Foliage,,,
,Papaver orientalis 'Prince of Orange',#1,6.29,7.38,218,,Small Looks Good,,,
,Papaver orientalis 'Royal Wedding',#1,6.29,7.38,133,,Retail Foliage,,,
,Parthenium integrifolium,TRGA,8.32,9.93,223,,Retail Foliage,,,
,Parthenocissus quinquefolia,#1,6.29,7.38,106,,Fair Foliage,,,
X,Patrinia gibbosa,2QT,7.44,8.79,0,Sep 21,,,,
X,Peltoboykinia watanabei,#1,8.68,10.30,0,Sep 21,,,,
,Penstemon 'Dark Towers',#1,7.59,9.00,428,,Retail Foliage,,,
,Penstemon RED ROCKS®,#1,6.29,7.38,137,,Blooming,,,
,Penstemon digitalis LE,#1,7.59,9.00,632,Oct 5,Retail Foliage,,,
,Penstemon dig. 'Huskers Red Improved',#1,6.29,7.38,577,,Retail Foliage,,,
,Penstemon hirsutus LE,#1,7.59,9.00,260,Sep 28,Retail Foliage,,,
,Penstemon hirsutus LE,TRAY 50,77.50,77.50,9,,Ready,,,
,Penstemon smallii,#1,6.29,7.38,210,,Retail Foliage,,,
,Perovskia 'Blue Jean Baby',#1,7.59,9.00,203,,Small Looks Good,,,
X,Perovskia  'Little Spire',#1,7.59,9.00,0,Sep 21,,,,
X,Perovskia atriplicifolia 'CrazyBlue',TRGA,8.32,9.93,0,Oct 5,,,,
X,Perovskia atriplicifolia,TRGA,8.32,9.93,0,Sep 28,,,,
X,Persicaria affinis 'Superba',#1,6.29,7.38,0,Sep 21,,,,
,Persicaria amplexicaulis 'Speciosa',TRGA,8.32,9.93,185,,Blooming,,,
,Persicaria polymorpha,TRGA,8.32,9.93,307,,Retail Foliage,,,
,Phlomis russeliana,#1,6.29,7.38,221,,Retail Foliage,,,
,Phlox 'Violet Pinwheels',2QT,6.08,7.12,121,Oct 5,Retail Foliage,,,
,Phlox carolina 'Kim',#1,6.29,7.38,244,Sep 21,Leafing Out,,,
X,Phlox divaricata 'Blue Moon',#1,6.29,7.38,0,Sep 21,,,,
,Phlox divaricata 'May Breeze',#1,6.29,7.38,395,Sep 21,Retail Foliage,,,
,Phlox  'Triple Play',#1,6.29,7.38,58,,Leafing Out,,,
,Phlox paniculata 'David',#1,6.29,7.38,10,Sep 21,Retail Foliage,,,
,Phlox paniculata 'Early White',#1,6.29,7.38,316,,Bud & Bloom,,,
,Phlox paniculata 'Glamour Girl',TRGA,9.36,11.18,61,,Cut Back,,,
,Phlox paniculata 'Jeana',#1,6.29,7.38,40,Sep 21,Retail Foliage,,,
,Phlox paniculata 'Nicky',#1,6.29,7.38,224,Sep 21,Cut Back,,,
,Phlox paniculata 'Robert Poore',#1,6.29,7.38,165,Sep 21,Retail Foliage,,,
,Phlox stolonifera 'Blue Ridge',2QT,7.44,8.79,220,Sep 28,Retail Foliage,,,
,Phlox stolonifera 'Pink Ridge',2QT,7.44,8.79,177,Sep 28,Retail Foliage,,,
,Phlox stolonifera 'Sherwood Purple',2QT,7.44,8.79,233,Sep 28,Retail Foliage,,,
,Phlox 'Candy Stripe',2QT,6.08,7.12,544,,Retail Foliage,,,
,Phlox 'Drummonds Pink',2QT,6.08,7.12,553,Oct 5,Retail Foliage,,,
,Phlox 'Emerald Cushion Blue',2QT,6.08,7.12,177,Oct 5,Retail Foliage,,,
,Phlox 'Scarlet Flame',2QT,6.08,7.12,916,Oct 5,Retail Foliage,,,
,Phlox 'Snowflake',2QT,6.08,7.12,566,,Retail Foliage,,,
,Physostegia virginiana 'Miss Manners',#1,7.59,9.00,25,Sep 21,Fair Foliage,,,
,Phyteuma scheuchzeri,2QT,6.08,7.12,87,Sep 21,Leafing Out,,,
,Pinellia tripartita,#1,7.59,9.00,86,,Blooming,,,
X,Pityopsis falcata LE,2QT,8.48,10.04,0,Sep 21,,,,
,Platycodon 'Astra Double White',2QT,6.08,7.12,40,,Small Looks Good,,,
,Platycodon 'Astra Single Pink',2QT,6.08,7.12,251,,Small Looks Good,,,
,Polemonium reptans,#1,6.29,7.38,433,,Retail Foliage,,,
,Polemonium 'Touch of Class',#1,7.59,9.00,119,Sep 28,Small Looks Good,,,
,Polemonium yezoense 'Purple Rain',#1,6.29,7.38,135,,Small Looks Good,,,
X,Polygonatum biflorum,#1,7.59,9.00,0,Sep 21,,,,
X,Polygonatum verticillatum 'Rubrum',#1,7.59,9.00,0,Sep 23,,,,
,Potentilla t. 'Monarch's Velvet',#1,6.29,7.38,227,,Retail Foliage,,,
X,Primula x bulleesiana,2QT,6.08,7.12,0,Sep 28,,,,
,Primula denticulata,2QT,6.08,7.12,176,Sep 28,Fair Foliage,,,
X,Primula japonica,2QT,6.08,7.12,0,Sep 28,,,,
X,Primula sieboldii,2QT,6.08,7.12,0,Sep 28,,,,
,Prunella vulgaris ssp. lanceolata,2QT,6.08,7.12,332,,Small Looks Good,,,
X,Pulmonaria 'High Contrast',#1,7.59,9.00,0,Sep 28,,,,
X,Pulmonaria 'Raspberry Splash',#1,7.59,9.00,0,Sep 28,,,,
X,Pulmonaria 'Shrimps on the Barbie',#1,7.59,9.00,0,Sep 28,,,,
X,Pulmonaria 'Silver Bouquet',#1,7.59,9.00,0,Sep 21,,,,
X,Pulmonaria 'Trevi Fountain',#1,8.68,10.30,0,Sep 28,,,,
,Pulsatilla vulgaris,2QT,7.44,8.79,749,,Retail Foliage,,,
,Pulsatilla vulgaris 'Rote Glocke',2QT,7.44,8.79,593,,Retail Foliage,,,
,Pycnanthemum muticum LE,#1,7.59,9.00,518,Oct 5,Retail Foliage,,,
,Pycnanthemum pilosum,#1,7.59,9.00,221,Sep 28,Fair Foliage,,,
,Pycnanthemum tenuifolium LE,#1,7.59,9.00,530,Oct 5,Retail Foliage,,,
,Pycnanthemum tenuifolium LE,TRAY 50,85.00,85.00,20,,Ready,,,
X,Pycnanthemum virginianum LE,#1,7.59,9.00,0,Sep 28,,,,
,Pycnanthemum virginianum LE,TRAY 50,85.00,85.00,45,,Ready,,,
,Ratibida pinnata,#1,6.29,7.38,32,,Retail Foliage,,,
,Rhus aromatica 'Gro-low',TRGA,10.50,12.53,1537,,Retail Foliage,,,
,Rodgersia aesculifolia,TRGA,8.32,9.93,137,,Small Looks Good,,,
,Rodgersia pinnata 'Chocolate Wings',TRGA,10.50,12.53,25,,Small Looks Good,,,
,Rodgersia pinnata 'Braunlaub',TRGA,9.36,11.18,14,,Leafing Out,,,
,Rodgersia 'Bronze Peacock',#1,8.68,10.30,263,,Retail Foliage,,,
,Rodgersia pinnata,TRGA,9.36,11.18,44,,Small Looks Good,,,
,Rubus odoratus LE,TRGA,8.32,9.93,178,Oct 5,Retail Foliage,,,
,Rudbeckia 'American Gold Rush',#1,7.59,9.00,422,,Retail Foliage,,,
,Rudbeckia triloba 'Prairie Glow',#1,6.29,7.38,277,,Retail Foliage,,,
,Rudbeckia fulgida 'Early Bird Gold',#1,7.59,9.00,254,,Retail Foliage,,,
,Rudbeckia fulgida 'Goldsturm',#1,6.29,7.38,679,,Fair Foliage,,,
,Rudbeckia fulgida var. deamii,#1,6.29,7.38,72,Sep 21,Retail Foliage,,,
X,Rudbeckia fulgida v.s.'Little Gold Star',#1,7.59,9.00,0,Sep 21,,,,
,Rudbeckia laciniata LE,#1,7.59,9.00,306,Sep 28,Blooming,,,
,Rudbeckia maxima,TRGA,8.32,9.93,301,,Retail Foliage,,,
,Rudbeckia nitida 'Herbstsonne',TRGA,8.32,9.93,687,,Blooming,,,
,Rudbeckia subtomentosa 'Little Henry',TRGA,8.32,9.93,375,,Bud & Bloom,,,
,Rudbeckia triloba 'Blackjack Gold',#1,6.29,7.38,296,,Budded,,,
,Ruellia humilis,2QT,8.48,10.04,84,,dead,,,
,Ruta graveolens,#1,6.29,7.38,304,,Retail Foliage,,,
,Sagina subulata,"3 1/2""",4.00,4.78,12,,Retail Foliage,,,
,Salvia koyamae,#1,7.59,9.00,173,,Retail Foliage,,,
X,Salvia nemorosa 'Blue Hill',#1,6.29,7.38,0,Sep 21,,,,
,Salvia nemorosa 'Caradonna',#1,6.29,7.38,832,,Small Looks Good,,,
,Salvia 'Eveline',#1,7.59,9.00,316,,Retail Foliage,,,
,Salvia nemorosa 'May Night',#1,6.29,7.38,338,,Retail Foliage,,,
,Salvia nemorosa 'Salute Light Pink',#1,6.29,7.38,206,,Fair Foliage,,,
,Salvia nemorosa 'Snow Hill',#1,6.29,7.38,146,,Retail Foliage,,,
X,Salvia nemorosa ' Wesuwe',#1,6.29,7.38,0,Sep 21,,,,
,Salvia verticillata 'Purple Rain',#1,6.29,7.38,8,,Retail Foliage,,,
,Sanguisorba canadensis,#1,7.59,9.00,154,Sep 21,Fair Foliage,,,
,Sanguisorba 'Lilac Squirrel',TRGA,9.36,11.18,90,,Fair Foliage,,,
,Sanguisorba 'Little Angel',#1,7.59,9.00,107,Sep 21,Retail Foliage,,,
,Sanquisorba officinalis 'Tanna',#1,8.68,10.30,314,Sep 28,Bud & Bloom,,,
,Sanguisorba tenuifolia var. purpurea,#1,8.68,10.30,400,,Bud & Bloom,,,
,Saruma henryii,2QT,8.48,10.04,504,,Retail Foliage,,,
,Saxifraga x arendsii 'Purple Robe',2QT,6.08,7.12,82,Sep 28,Retail Foliage,,,
,Scutellaria 'Appalachian Blues',2QT,7.44,8.79,602,,Retail Foliage,,,
X,Scutellaria incana,2QT,7.44,8.79,0,Sep 28,,,,
,Sedum 'Autumn Fire',TRGA,8.32,9.93,256,,Cut Back,,,
,Sedum 'Autumn Joy',#1,6.29,7.38,23,Sep 21,Cut Back,,,
,Sedum 'Carl',#1,6.29,7.38,323,,Fair Foliage,,,
,Sedum 'Carl',TRGA,7.28,8.68,247,,Cut Back,,,
,Sedum spurium 'John Creech',2QT,6.08,7.12,200,,Cut Back,,,
,Sedum Sunsparkler® 'Lime Zinger',#1,6.29,7.38,103,Oct 5,Small Looks Good,,,
,Sedum 'Matrona',TRGA,8.32,9.93,196,,"Blooming, Fair Foliage",,,
X,Sedum Sunsparkler® 'Dream Dazzler',#1,6.29,7.38,0,Oct 5,,,,
,Sedum 'Xenox',TRGA,9.36,11.18,120,,Bud & Bloom,,,
,Sedum 'Weihenstephaner Gold',2QT,6.08,7.12,364,,Retail Foliage,,,
X,Sedum reflexum 'Angelina',2QT,6.08,7.12,0,Oct 5,,,,
,Sedum sexangulare,2QT,6.08,7.12,154,,Retail Foliage,,,
,Sedum sieboldii,2QT,6.08,7.12,136,Oct 5,Bud & Bloom,,,
,Sedum spurium 'Fuldaglut',2QT,6.08,7.12,44,Oct 5,Retail Foliage,,,
,Sedum telephioides,#1,7.59,9.00,546,,"Blooming, Small Tops",,,
,Sedum ternatum 'Larinem Park',2QT,7.44,8.79,242,,Small Looks Good,,,
X,Sempervivum 'Jade Rose',2QT,6.08,7.12,0,Sep 21,,,,
X,Sempervivum 'Oddity',2QT,6.08,7.12,0,Sep 21,,,,
X,Sempervivum 'Red Beauty',2QT,6.08,7.12,0,Sep 21,,,,
,Sempervivum 'Silver King',2QT,6.08,7.12,210,Sep 21,Retail Foliage,,,
X,Sempervivum 'Virgil',2QT,0.00,0.00,0,Jan 4,,,,
X,Sempervivum arachnoideum,1QT,4.11,4.84,0,Sep 21,,,,
,Senna hebecarpa,#1,7.59,9.00,195,,Retail Foliage,,,
X,Sibbaldiopsis tridentata,2QT,7.44,8.79,0,Sep 21,,,,
,Sibbaldiopsis tridentata LE,2QT,7.44,8.79,7,,Retail Foliage,,,
,Sibbaldiopsis tridentata LE,TRAY 50,90.00,90.00,8,,Ready,,,
,Silene 'Rollies Favorite',#1,6.29,7.38,431,,Retail Foliage,,,
,Silene 'Short and Sweet',#1,6.29,7.38,149,Sep 28,Retail Foliage,,,
X,Sisyrinchium angustifolium LE,2QT,7.44,8.79,0,Oct 5,,,,
,Sisyrinchium angustifolium 'Lucerne',2QT,6.08,7.12,851,,Retail Foliage,,,
,Sisyrinchium angustifolium LE,TRAY 50,85.00,85.00,15,,Ready,,,
X,Solidago bicolor LE,2QT,7.44,8.79,0,Sep 21,,,,
,Solidago bicolor LE,TRAY 50,77.50,77.50,16,,Ready,,,
,Solidago caesia LE,#1,7.59,9.00,85,Sep 21,Bud & Bloom,,,
,Solidago caesia LE,TRAY 50,85.00,85.00,32,,Ready,,,
,Solidago flexicaulis LE,#1,7.59,9.00,289,Sep 21,Bud & Bloom,,,
,Solidago nemoralis LE,#1,7.59,9.00,387,,Bud & Bloom,,,
,Solidago nemoralis LE,TRAY 50,77.50,77.50,17,,Ready,,,
X,Solidago odora LE,#1,7.59,9.00,0,Sep 21,,,,
,Solidago odora LE,TRAY 50,77.50,77.50,14,,Ready,,,
X,Solidago puberula LE,2QT,7.44,8.79,0,Sep 21,,,,
,Solidago puberula LE,TRAY 50,77.50,77.50,26,,Ready,,,
,Solidago rugosa LE,#1,7.59,9.00,641,,Blooming,,,
,Solidago rugosa 'Fireworks',#1,6.29,7.38,360,,Budded,,,
,Solidago sempervirens LE,#1,7.59,9.00,574,,Small Looks Good,,,
,Solidago sempervirens LE,TRAY 50,85.00,85.00,35,,Ready,,,
,Spigelia 'Little Redhead',#1,9.83,11.60,8,,Fair Foliage,,,
,Spiranthes odorata,2QT,8.48,10.04,178,,Budded,,,
,Stachys 'Silver Carpet',#1,6.29,7.38,255,,Retail Foliage,,,
,Stachys 'Helene von Stein',#1,6.29,7.38,312,,Retail Foliage,,,
X,Stachys minima,#1,6.29,7.38,0,Sep 21,,,,
,Stachys moieri 'Hummelo',#1,6.29,7.38,446,,Retail Foliage,,,
,Stachys 'Pink Cotton Candy',#1,6.29,7.38,237,,Retail Foliage,,,
,Stokesia laevis 'Omega Skyrocket',#1,7.59,9.00,275,,Retail Foliage,,,
,Stokesia laevis,#1,6.29,7.38,6,,Fair Foliage,,,
,Stokesia laevis 'Blue Danube',#1,7.59,9.00,218,,Retail Foliage,,,
,Stokesia laevis 'Colorwheel',#1,7.59,9.00,148,,Retail Foliage,,,
,Stokesia laevis 'Divinity',#1,7.59,9.00,245,,Bud & Bloom,,,
,Stylophorum diphyllum,#1,7.59,9.00,449,Sep 28,Leafing Out,,,
,Symphyotrichum n.a. 'Purple Dome',#1,6.29,7.38,285,,Retail Foliage,,,
,Symphyotrichum e. 'Schneegitter',2QT,6.08,7.12,167,Sep 21,Budded,,,
,Symphyotrichum 'Wood's Light Blue',#1,6.29,7.38,20,Sep 21,Bud & Bloom,,,
,Symphyotrichum 'Wood's Pink',#1,6.29,7.38,100,,Bud & Bloom,,,
,Symphyotrichum cordifolium LE,#1,7.59,9.00,570,,Retail Foliage,,,
,Symphyotrichum cordifolium LE,TRAY 50,77.50,77.50,20,,Ready,,,
,Symphyotrichum laeve LE,#1,7.59,9.00,1205,,Small Looks Good,,,
,Symphyotrichum l. 'Blue Bird',#1,7.59,9.00,448,,Small Looks Good,,,
,Symphyotrichum laeve LE,TRAY 50,85.00,85.00,17,,Ready,,,
,Symphyotrichum l. 'Lady in Black',#1,6.29,7.38,18,,Cut Back,,,
,Symphyotrichum novae-angliae LE,#1,7.59,9.00,674,Oct 5,Bud & Bloom,,,
,Symphyotrichum novae-angliae LE,1QT,5.04,5.93,18,,Retail Foliage,,,
,Symphyotrichum novae-angliae LE,TRAY 50,77.50,77.50,46,,Ready,,,
,Symphyotrichum novi-belgii LE,#1,7.59,9.00,1200,,Bud & Bloom,,,
,Symphyotrichum novi-belgii LE,TRAY 50,85.00,85.00,46,,Ready,,,
,Symphyotrichum o. 'October Skies',#1,6.29,7.38,168,,Bud & Bloom,,,
,Symphyotrichum o. 'Raydon's Favorite',#1,6.29,7.38,216,,Budded,,,
,Symphyotrichum puniceum LE,#1,7.59,9.00,132,Sep 21,Small Looks Good,,,
,Symphyotrichum puniceum LE,TRAY 50,77.50,77.50,28,,Ready,,,
,Teucrium chamaedrys,2QT,6.08,7.12,71,,Leafing Out,,,
,Thalictrum 'Black Stockings',#1,7.59,9.00,348,Sep 28,Fair Foliage,,,
,Thalictrum NIMBUS™ Pink,#1,8.68,10.30,244,Sep 28,Retail Foliage,,,
,Thalictrum dioicum,2QT,7.44,8.79,265,,Small Looks Good,,,
,Thalictrum flavum ssp. glaucum,#1,7.59,9.00,96,Sep 21,Retail Foliage,,,
,Thalictrum pubescens LE,#1,7.59,9.00,116,Sep 21,Retail Foliage,,,
,Thalictrum pubescens LE,TRAY 50,90.00,90.00,16,,Ready,,,
,Thalictrum rochebrunianum,#1,7.59,9.00,161,,Fall Color,,,
,Thermopsis caroliniana,#1,8.68,10.30,254,,Retail Foliage,,,
,Thymus citriodorus,2QT,6.08,7.12,38,,Retail Foliage,,,
,Thymus praecox,"3 1/2""",4.00,4.78,1026,,Retail Foliage,,,
,Tiarella cordifolia,1QT,4.11,4.84,1376,,Retail Foliage,,,
,Tiarella cordifolia 'Oakleaf',2QT,7.44,8.79,108,Sep 21,Fair Foliage,,,
X,Tiarella cordifolia 'Running Tapestry',2QT,7.44,8.79,0,Sep 28,,,,
,Tiarella cordifolia LE,TRAY 50,85.00,85.00,19,,Ready,,,
X,Tiarella 'Elizabeth Oliver',2QT,7.44,8.79,0,Sep 21,,,,
X,Tricyrtis 'Jim's Tall Towers',#1,7.59,9.00,0,Sep 28,,,,
,Tricyrtis 'Sinonome',#1,7.59,9.00,147,Sep 28,Retail Foliage,,,
,Tricyrtis 'Autumn Glow',#1,7.59,9.00,364,,Retail Foliage,,,
,Tricyrtis hirta 'Miyazaki',#1,7.59,9.00,139,Sep 28,Bud & Bloom,,,
,Trollius 'Lemon Queen',#1,7.59,9.00,612,,Retail Foliage,,,
,Trollius laxus,2QT,7.44,8.79,468,Sep 28,Small Looks Good,,,
,Vaccinium 'Burgundy',2QT,8.48,10.04,1912,,Fall Color,,,
,Vaccinium 'Michigan',2QT,8.48,10.04,881,,Retail Foliage,,,
,Vaccinium 'Putte',2QT,8.48,10.04,244,,Fair Foliage,,,
,Vaccinium angustifolium,2QT,8.48,10.04,594,,Fair Foliage,,,
,Vaccinium macrocarpon,2QT,8.48,10.04,555,,Retail Foliage,,,
,Verbascum 'Honey Dijon',#1,7.59,9.00,88,,Leafing Out,,,
,Verbascum 'Sugar Plum',#1,7.59,9.00,87,,Fair Foliage,,,
,Verbascum chaixii,#1,6.29,7.38,26,Sep 21,Retail Foliage,,,
,Verbena hastata LE,#1,7.59,9.00,367,Sep 28,Retail Foliage,,,
,Verbesina alternifolia,#1,6.29,7.38,376,,Leafing Out,,,
,Vernonia Summer's Swan Song,#1,7.59,9.00,15,Sep 21,"Blooming, Small Tops",,,
X,Vernonia 'Iron Butterfly',2QT,7.44,8.79,0,Sep 21,,,,
,Vernonia noveboracensis,#1,7.59,9.00,278,Sep 28,Retail Foliage,,,
,Vernonia noveboracensis LE,TRAY 50,85.00,85.00,6,,Ready,,,
,Veronica 'Lavender Lightsaber',#1,8.68,10.30,585,,Retail Foliage,,,
,Veronica 'Waterperry',2QT,6.08,7.12,295,Sep 28,Retail Foliage,,,
,Veronica 'Whitewater',2QT,6.08,7.12,229,Sep 28,Bud & Bloom,,,
X,Veronica 'Marietta',#1,7.59,9.00,0,Sep 21,,,,
,Veronica oltensis,2QT,6.08,7.12,194,Jan 4,Retail Foliage,,,
,Veronica pectinata,2QT,6.08,7.12,232,Jan 4,Retail Foliage,,,
,Veronica 'Georgia Blue',2QT,6.08,7.12,47,Sep 28,Retail Foliage,,,
X,Veronicastrum 'Fascination',#1,7.59,9.00,0,Sep 21,,,,
,Veronicastrum virginicum,#1,6.29,7.38,172,Sep 28,Fair Foliage,,,
,Vinca minor 'Alba',#1,6.29,7.38,31,,Retail Foliage,,,
,Vinca minor 'Atropurpurea',#1,6.29,7.38,537,,Fair Foliage,,,
,Vinca minor 'Bowles',#1,6.29,7.38,627,Sep 28,Fair Foliage,,,
,Vinca minor 'Ralph Shugert',#1,6.29,7.38,483,,Retail Foliage,,,
,Viola pedata 'Eco Artist Palette',1QT,6.03,7.23,99,,Retail Foliage,,,
,Viola riviniana v. purpurea,2QT,6.08,7.12,171,Sep 21,Retail Foliage,,,
,Viola walteri 'Silver Gem',2QT,6.08,7.12,415,,Bud & Bloom,,,
X,Waldsteinia ternata,2QT,6.08,7.12,0,Sep 28,,,,
,Xanthorhiza simplicissima,2QT,8.48,10.04,40,,Retail Foliage,,,
,Zizia aptera,2QT,7.44,8.79,777,,Retail Foliage,,,
,Zizia aurea LE,2QT,7.44,8.79,471,,Retail Foliage,,,
